fault,level_idx,level_name,mode,tp,fp,fn,tn,timeout_rate,range_var,rmse_low,v_td,risk,hard_rate,t_land,s3_frac,precision,recall,false_alarm
clean,0,baseline,raw,0,0,0,10968,0.0,0.0020776322508898135,0.02571824487198505,0.3000000148968739,0.0,0.0,14.210000000000068,0.0,,,0.0
clean,0,baseline,median,0,0,0,10648,0.0,0.0021160385903165276,0.06254416110895399,0.30000005659133483,0.0,0.0,13.810000000000063,0.0005421939820406448,,,0.0
clean,0,baseline,mad,0,134,0,10834,0.0,0.0020776322508898135,0.030572342717407747,0.3000000148968739,0.0,0.0,14.210000000000068,0.0006118881118881119,0.0,,0.012217359591539023
clean,0,baseline,kf,0,0,0,10952,0.0,0.002079737583425196,0.016920922969738184,0.30000001587833147,0.0,0.0,14.190000000000065,8.741258741258741e-05,,,0.0
clean,0,baseline,kf_fallback,0,0,0,10952,0.0,0.002079737583425196,0.016920922969738184,0.30000001587833147,0.0,0.0,14.190000000000065,8.741258741258741e-05,,,0.0
noise,0,sigma 0.1 m,raw,0,0,6881,4039,0.0,0.008277737270328846,0.10357620095338158,0.3000000203730543,0.0,0.0,14.150000000000066,0.0,,0.0,0.0
noise,0,sigma 0.1 m,median,63,0,6538,4039,0.0,0.008238721085979842,0.0858734145293256,0.3000000690699942,0.0,0.0,13.800000000000063,0.00327343136620796,1.0,0.009544008483563097,0.0
noise,0,sigma 0.1 m,mad,225,115,6656,3924,0.0,0.008277737270328846,0.1021120310571479,0.3000000203730543,0.0,0.0,14.150000000000066,0.004064732145246457,0.6617647058823529,0.03269873564888824,0.028472394156969547
noise,0,sigma 0.1 m,kf,213,0,6720,4039,0.0,0.008293691896598978,0.06657523180829808,0.3000000163468256,0.0,0.0,14.215000000000066,0.0037803057094109942,1.0,0.03072263089571614,0.0
noise,0,sigma 0.1 m,kf_fallback,213,0,6748,4039,0.0,0.008298857405176895,0.06657300311951739,0.30000001579141944,0.0,0.0,14.250000000000068,0.004037155024479488,1.0,0.03059905186036489,0.0
noise,1,sigma 0.3 m,raw,0,0,7025,3755,0.0,0.057718450144992994,0.2974280716505029,0.3000000799304914,0.0,0.0,13.975000000000062,0.0,,0.0,0.0
noise,1,sigma 0.3 m,median,945,0,5908,3755,0.0,0.05730143939321249,0.18599329795108543,0.3000002073778592,0.0,0.0,13.760000000000058,0.021612070259646416,1.0,0.13789581205311544,0.0
noise,1,sigma 0.3 m,mad,414,128,6563,3627,0.0,0.057758285344679826,0.28623302562982456,0.3000002238278797,0.0,0.0,13.915000000000063,0.020081140707897214,0.7638376383763837,0.05933782427977641,0.034087882822902794
noise,1,sigma 0.3 m,kf,2901,0,4324,3755,0.0,0.057625152342992716,0.1766288750474805,0.3000000376197823,0.0,0.0,14.225000000000069,0.36470298587845845,1.0,0.401522491349481,0.0
noise,1,sigma 0.3 m,kf_fallback,4651,0,7475,3755,0.0,0.06696893754038306,0.17673572282923683,0.3000000003847999,0.0,0.0,20.351250000000157,0.37019305749174936,1.0,0.38355599538182417,0.0
noise,2,sigma 0.6 m,raw,0,0,6266,4106,0.0,0.19846975325712563,0.6038490196352643,0.30001943783971863,0.0,0.0,13.465000000000057,0.0,,0.0,0.0
noise,2,sigma 0.6 m,median,2306,0,4048,4106,0.0,0.1981425887562311,0.35237751559305713,0.3000005507108215,0.0,0.0,13.575000000000056,0.2406920290649767,1.0,0.36292099464904,0.0
noise,2,sigma 0.6 m,mad,732,96,5490,4010,0.0,0.19788559057584296,0.5475730983252416,0.30000913345684155,0.0,0.0,13.410000000000057,0.03978303075086771,0.8840579710144928,0.11764705882352941,0.023380418899171942
noise,2,sigma 0.6 m,kf,4447,0,2387,4106,0.0,0.20465971517558162,0.26791279010205715,0.30000009376437675,0.0,0.0,14.175000000000065,0.5924773864489696,1.0,0.6507170032191981,0.0
noise,2,sigma 0.6 m,kf_fallback,8480,0,4874,4106,0.0,0.2541523264908006,0.2693122782611582,0.30000000003824545,0.0,0.0,22.32500000000018,0.7143964854576105,1.0,0.6350157256252809,0.0
dropout,0,timeout 10%,raw,669,0,0,10143,0.0635140155793468,0.0021673810467122915,0.06203130426127575,0.3000007909223664,0.0,0.0,14.015000000000063,0.05237323802823892,1.0,1.0,0.0
dropout,0,timeout 10%,median,641,46,0,9647,0.06376479380374753,0.002240639719165365,0.13526949454513978,0.30048743359276997,0.0,0.0,13.415000000000054,0.0657611598793206,0.9330422125181951,1.0,0.0047456927679768906
dropout,0,timeout 10%,mad,666,214,0,9864,0.06316102255741218,0.002177872550876938,0.10646184372651779,0.30001301980020395,0.0,0.0,13.930000000000064,0.06922587166784458,0.7568181818181818,1.0,0.021234371899186345
dropout,0,timeout 10%,kf,684,0,0,10300,0.06355717283450225,0.002146126814581244,0.01877419688385151,0.3000000140178798,0.0,0.0,14.230000000000066,0.05467669955380887,1.0,1.0,0.0
dropout,0,timeout 10%,kf_fallback,769,0,0,10853,0.06665357357993087,0.0021157847382794913,0.018860719943570164,0.300000008918959,0.0,0.0,15.027500000000078,0.05829335280286374,1.0,1.0,0.0
dropout,1,timeout 30%,raw,2094,0,0,8690,0.20033801071685908,0.002375875930802854,0.09230955952631327,0.300000193180619,0.0,0.0,13.980000000000064,0.21890297458344193,1.0,1.0,0.0
dropout,1,timeout 30%,median,1909,126,0,8197,0.19173052801079654,0.0024434595490539757,0.18773621825381348,0.30004531721094907,0.0,0.0,13.290000000000054,0.23641803641305192,0.9380835380835381,1.0,0.015138772077375946
dropout,1,timeout 30%,mad,2083,310,0,8301,0.20112642150758636,0.002394557327534751,0.16485363350237872,0.3005465678850613,0.0,0.0,13.866250000000061,0.24512402805209904,0.8704554951943168,1.0,0.03600046452212287
dropout,1,timeout 30%,kf,2155,0,0,8801,0.20140964073832746,0.0023542690344849704,0.022608874264588342,0.30000001575131774,0.0,0.0,14.195000000000068,0.22588457947041954,1.0,1.0,0.0
dropout,1,timeout 30%,kf_fallback,3043,0,0,10997,0.2133608925127657,0.0022243173666460854,0.02222961586365848,0.3000000029099957,0.0,0.0,18.05000000000012,0.2370586712651051,1.0,1.0,0.0
dropout,2,timeout 60%,raw,3674,0,0,6603,0.36341149682563845,0.002921790596607258,0.21354792660001198,0.3018141689412749,0.0,0.0,13.341250000000054,0.49217727191307653,1.0,1.0,0.0
dropout,2,timeout 60%,median,3192,218,0,6101,0.3427741567399545,0.0030238196522931427,0.4737409170303807,0.34095780408295295,0.03050716716001972,0.025,12.362500000000042,0.4716180632269393,0.9360703812316715,1.0,0.034499129609115366
dropout,2,timeout 60%,mad,3477,303,0,6170,0.35399360420103904,0.002977494717284116,0.44898821073555106,0.3856267005406592,0.08221816962011347,0.1,12.895000000000048,0.4824862104528173,0.9198412698412698,1.0,0.04680982542870385
dropout,2,timeout 60%,kf,4064,0,0,6880,0.3804427147167848,0.0028211832233933213,0.028902850688774524,0.3000000168439376,0.0,0.0,14.180000000000067,0.520352325489705,1.0,1.0,0.0
dropout,2,timeout 60%,kf_fallback,7637,0,0,9118,0.4465507370175528,0.0025154244300738264,0.029626283301189948,0.30000000021235296,0.0,0.0,21.443750000000172,0.6284539360297126,1.0,1.0,0.0
out_of_range,0,invalid 5%,raw,0,0,326,10319,0.0,0.002159452439128234,1.683291192026686,0.3317885625670819,0.00805018866320345,0.0,13.76250000000006,0.0,,0.0,0.0
out_of_range,0,invalid 5%,median,323,0,0,10285,0.0,0.0021473632365568776,0.06714480851438333,0.3000000709324845,0.0,0.0,13.760000000000058,0.0021663009189894036,1.0,1.0,0.0
out_of_range,0,invalid 5%,mad,340,133,0,10479,0.0,0.0021075630310057134,0.03152347228257352,0.30000001670911547,0.0,0.0,14.190000000000065,0.002375159843701518,0.718816067653277,1.0,0.012532981530343008
out_of_range,0,invalid 5%,kf,340,0,0,10628,0.0,0.0021059650573186832,0.01726436735579156,0.30000001488779543,0.0,0.0,14.210000000000068,0.001671998214551406,1.0,1.0,0.0
out_of_range,0,invalid 5%,kf_fallback,361,0,0,10930,0.0,0.0020870440113891645,0.01702172085810365,0.30000001177772473,0.0,0.0,14.613750000000072,0.0027250402155541706,1.0,1.0,0.0
out_of_range,1,invalid 15%,raw,0,0,966,9078,0.0,0.002363921126009927,3.150972233411129,0.403124330391619,0.0426340435990758,0.0,12.94500000000005,0.0,,0.0,0.0
out_of_range,1,invalid 15%,median,1046,2,0,9524,0.0,0.0022474778698343707,0.08302016485420365,0.300000095572533,0.0,0.0,13.71500000000006,0.010832783453324337,0.9980916030534351,1.0,0.0002099517111064455
out_of_range,1,invalid 15%,mad,1091,139,0,9714,0.0,0.0022023526877890725,0.03356735940195707,0.3000000174348961,0.0,0.0,14.180000000000067,0.010928819847835771,0.8869918699186992,1.0,0.014107378463412158
out_of_range,1,invalid 15%,kf,1093,0,0,9867,0.0,0.002200907929212407,0.01780700966556464,0.3000000153830634,0.0,0.0,14.200000000000069,0.01032894410553985,1.0,1.0,0.0
out_of_range,1,invalid 15%,kf_fallback,1500,0,0,12042,0.0,0.0020877158515376698,0.017701219044687275,0.3000000027846826,0.0,0.0,17.427500000000112,0.011961012826609647,1.0,1.0,0.0
out_of_range,2,invalid 30%,raw,0,0,1628,7911,0.0,0.002642276484271183,4.357118524541336,0.5085474411850119,0.14927182523055998,0.0,12.24875000000004,0.0,,0.0,0.0
out_of_range,2,invalid 30%,median,1894,16,0,8470,0.0,0.0024690995114449443,0.11542846579603842,0.30000031249577386,0.0,0.0,13.475000000000056,0.15301550184292242,0.9916230366492147,1.0,0.0018854584020740043
out_of_range,2,invalid 30%,mad,2026,101,0,8741,0.0,0.002403781025589078,0.039877128485492803,0.3000000282629456,0.0,0.0,14.085000000000065,0.1500587245947662,0.9525152797367183,1.0,0.011422755032798009
out_of_range,2,invalid 30%,kf,2057,0,0,8899,0.0,0.0023942376953514765,0.01892389094958307,0.30000001563069745,0.0,0.0,14.195000000000068,0.14998450131428856,1.0,1.0,0.0
out_of_range,2,invalid 30%,kf_fallback,3196,1,0,11574,0.0,0.002206364233158527,0.019444797080931425,0.3000000005447657,0.0,0.0,18.963750000000136,0.16311293390452933,0.999687206756334,1.0,8.639308855291577e-05
spike,0,spike 2%,raw,0,0,124,10699,0.0,0.10234922053116531,0.310306446891097,0.3081238631167517,0.0,0.0,14.010000000000066,0.0,,0.0,0.0
spike,0,spike 2%,median,108,0,7,10513,0.0,0.10110328286717825,0.06312948220261759,0.30000006354419884,0.0,0.0,13.785000000000062,0.0008159166097778711,1.0,0.9391304347826087,0.0
spike,0,spike 2%,mad,119,128,5,10680,0.0,0.10532774632385786,0.0415445422700362,0.30000001810215554,0.0,0.0,14.165000000000067,0.001318628180330308,0.4817813765182186,0.9596774193548387,0.011843079200592153
spike,0,spike 2%,kf,117,0,6,10833,0.0,0.10305656288436056,0.01675907188536919,0.30000001563069745,0.0,0.0,14.195000000000068,0.0006168476913157763,1.0,0.9512195121951219,0.0
spike,0,spike 2%,kf_fallback,121,0,5,10908,0.0,0.108951980400758,0.016707739295433965,0.3000000143600787,0.0,0.0,14.29250000000007,0.0006109766659999152,1.0,0.9603174603174603,0.0
spike,1,spike 5%,raw,0,0,346,10304,0.0,0.30219446657699117,0.5747659292278776,0.32843178900040954,0.006978248450439232,0.0,13.782500000000061,0.0,,0.0,0.0
spike,1,spike 5%,median,315,0,33,10280,0.0,0.29717120686664267,0.06414043792220739,0.30000006129785367,0.0,0.0,13.785000000000062,0.0009944599065273329,1.0,0.9051724137931034,0.0
spike,1,spike 5%,mad,347,139,13,10389,0.0,0.2979107758455154,0.055501287690274584,0.30000002387349084,0.0,0.0,14.110000000000065,0.0015047908110054139,0.7139917695473251,0.9638888888888889,0.01320288753799392
spike,1,spike 5%,kf,348,0,11,10593,0.0,0.2970742636682965,0.018198204786806203,0.30000001587833147,0.0,0.0,14.190000000000065,0.0010551505232356297,1.0,0.9693593314763231,0.0
spike,1,spike 5%,kf_fallback,376,0,8,11092,0.0,0.30857499539419064,0.018047581129291373,0.30000001121693953,0.0,0.0,14.845000000000075,0.0010076496538098808,1.0,0.9791666666666666,0.0
spike,2,spike 10%,raw,0,0,623,9735,0.0,0.5551991330330747,0.8379955668266874,0.3300754464305994,0.0034688150875173997,0.0,13.398750000000055,0.0,,0.0,0.0
spike,2,spike 10%,median,575,8,73,9952,0.0,0.5525082060256976,0.08862434139914534,0.3000009894896119,0.0,0.0,13.760000000000058,0.0014612835279221878,0.9862778730703259,0.8873456790123457,0.0008032128514056225
spike,2,spike 10%,mad,632,104,36,10068,0.0,0.5591740922308293,0.07716305253071346,0.300000030710542,0.0,0.0,14.050000000000065,0.00116020708206534,0.8586956521739131,0.9461077844311377,0.010224144710971293
spike,2,spike 10%,kf,654,1,24,10277,0.0,0.5600555577011034,0.018859264508440082,0.30000001563069745,0.0,0.0,14.195000000000068,0.0012336953826315527,0.9984732824427481,0.9646017699115044,9.72951936174353e-05
spike,2,spike 10%,kf_fallback,774,0,23,11499,0.0,0.6032314819236083,0.01847315836572103,0.3000000060377697,0.0,0.0,15.87000000000009,0.001958571170873416,1.0,0.9711417816813049,0.0
stuck,0,stuck 1 s,raw,0,0,800,10044,0.0,0.049373537411923844,0.08983360327835273,0.300000345091731,0.0,0.0,14.055000000000064,0.0,,0.0,0.0
stuck,0,stuck 1 s,median,0,80,800,9644,0.0,0.05078332210905125,0.13556740663829,0.30000131172447597,0.0,0.0,13.655000000000058,0.0003623378669327312,0.0,0.0,0.008227067050596462
stuck,0,stuck 1 s,mad,0,411,800,9381,0.0,0.05064276014814635,0.18158642942848963,0.3000356815774762,0.0,0.0,13.74000000000006,0.0007407804398182559,0.0,0.0,0.04197303921568627
stuck,0,stuck 1 s,kf,440,18,360,10026,0.0,0.049351560934520665,0.040901186491108084,0.300000070830788,0.0,0.0,14.055000000000064,0.08380760423524293,0.9606986899563319,0.55,0.0017921146953405018
stuck,0,stuck 1 s,kf_fallback,440,17,360,11120,0.0,0.036111214543128094,0.03519967340575615,0.30000001112906916,0.0,0.0,15.421250000000082,0.07642956829975035,0.962800875273523,0.55,0.0015264433869085032
stuck,1,stuck 3 s,raw,0,0,2307,7352,0.0,1.2253045010769503,1.1584777146389418,0.5833361108970285,0.23660109615284566,0.225,12.471250000000042,0.0,,0.0,0.0
stuck,1,stuck 3 s,median,0,62,2307,7057,0.0,1.2485962663125483,1.2663493125123129,0.5948304833997992,0.24774614618625387,0.25,12.173750000000037,0.0004550100109802943,0.0,0.0,0.008709088355106054
stuck,1,stuck 3 s,mad,0,345,2307,6636,0.0,1.26419798279515,1.5603607635358157,0.6318656639836391,0.2797659193109766,0.275,11.985000000000035,0.001669656113837548,0.0,0.0,0.04941985388912763
stuck,1,stuck 3 s,kf,2041,358,359,7782,0.0,1.09025135750446,0.10896184350931018,0.30000022871272947,0.0,0.0,13.67500000000006,0.2639844354124973,0.8507711546477699,0.8504166666666667,0.04398034398034398
stuck,1,stuck 3 s,kf_fallback,2041,170,359,10550,0.0,0.27149986279746285,0.05258060014045953,0.3000000107756654,0.0,0.0,16.900000000000105,0.19974126227451094,0.9231117141564903,0.8504166666666667,0.01585820895522388
stuck,2,stuck den het,raw,0,0,3054,4106,0.0,3.755288271046772,4.425581785680056,1.4999999900177894,1.0,1.0,9.049999999999994,0.0,,0.0,0.0
stuck,2,stuck den het,median,0,0,3054,4106,0.0,3.755288271046772,4.425587576269207,1.4999999900177894,1.0,1.0,9.049999999999994,0.0,,0.0,0.0
stuck,2,stuck den het,mad,0,96,3054,4010,0.0,3.755288271046772,4.425581785680056,1.4999999900177894,1.0,1.0,9.049999999999994,0.0,0.0,0.0,0.023380418899171942
stuck,2,stuck den het,kf,6000,0,358,4106,0.0,5.623323241412719,0.2083910761138028,0.3000002615118399,0.0,0.0,13.580000000000059,0.5868482734429475,1.0,0.9436929852154765,0.0
stuck,2,stuck den het,kf_fallback,12240,0,358,4106,0.0,3.780719330124529,0.21161845696285816,0.3000000016148852,0.0,0.0,21.38000000000017,0.7110270844964772,1.0,0.9715827909191935,0.0
bias,0,bias +0.3 m,raw,0,0,6285,4039,0.0,0.022679739974183565,0.3007652468489289,0.30000021869246407,0.0,0.0,13.405000000000054,0.0,,0.0,0.0
bias,0,bias +0.3 m,median,0,0,5965,4039,0.0,0.022930441946212257,0.35392173053574216,0.30000083129148225,0.0,0.0,13.005000000000049,0.0,,0.0,0.0
bias,0,bias +0.3 m,mad,16,115,6269,3924,0.0,0.022679739974183565,0.30108016040200897,0.30000021869246407,0.0,0.0,13.405000000000054,0.0005639097744360902,0.12213740458015267,0.002545743834526651,0.028472394156969547
bias,0,bias +0.3 m,kf,18,0,6267,4039,0.0,0.02268202187042042,0.3000286407331998,0.30000021869246407,0.0,0.0,13.405000000000054,0.0,1.0,0.002863961813842482,0.0
bias,0,bias +0.3 m,kf_fallback,18,0,6339,4039,0.0,0.022636976327331113,0.29996328804963873,0.3000002137390026,0.0,0.0,13.495000000000056,0.0,1.0,0.002831524303916942,0.0
bias,1,bias +0.8 m,raw,0,0,5505,3755,0.0,0.1483088266841875,0.7995973785112213,0.30001824066670424,0.0,0.0,12.075000000000037,0.0,,0.0,0.0
bias,1,bias +0.8 m,median,58,0,5127,3755,0.0,0.14976174263915992,0.866745802575628,0.300069336225406,0.0,0.0,11.675000000000031,0.0,1.0,0.011186113789778206,0.0
bias,1,bias +0.8 m,mad,5,128,5500,3627,0.0,0.1483088266841875,0.7997501589326754,0.30001824066670424,0.0,0.0,12.075000000000037,0.0,0.03759398496240601,0.0009082652134423251,0.034087882822902794
bias,1,bias +0.8 m,kf,3140,0,3225,3755,0.0,0.1451089924823336,0.6672034984261115,0.30000864918837494,0.0,0.0,13.150000000000052,0.30696731575904884,1.0,0.49332285938727416,0.0
bias,1,bias +0.8 m,kf_fallback,3296,0,5189,3755,0.0,0.13291168592959293,0.7438258629952308,0.3000134223297109,0.0,0.0,15.800000000000091,0.25270378995088966,1.0,0.38845020624631704,0.0
bias,2,bias +1.5 m,raw,0,0,3686,4106,0.0,0.5335460181500853,1.4999744057039637,0.30999999653935106,0.0,0.0,10.190000000000008,0.0,,0.0,0.0
bias,2,bias +1.5 m,median,80,0,3348,4106,0.0,0.5302554122413098,1.609525951641853,0.3332603930794676,0.0,0.0,9.840000000000005,0.0,1.0,0.023337222870478413,0.0
bias,2,bias +1.5 m,mad,0,96,3686,4010,0.0,0.5335460181500853,1.4999744057039637,0.30999999653935106,0.0,0.0,10.190000000000008,0.0,0.0,0.0,0.023380418899171942
bias,2,bias +1.5 m,kf,6842,0,0,4106,0.0,0.5053988504198949,0.1661624668053518,0.3000000350060191,0.0,0.0,14.185000000000068,0.6134804988270804,1.0,1.0,0.0
bias,2,bias +1.5 m,kf_fallback,13497,0,66,4106,0.0,0.39668637483821434,0.21561620101744156,0.3001862912956657,0.0,0.0,22.585000000000186,0.7295445063378088,1.0,0.9951338199513382,0.0
terrain,0,step 0.5 m,raw,0,0,0,10684,0.0,0.002073776181541196,0.02560699229438996,0.3000000155599937,0.0,0.0,13.85500000000006,0.0,,,0.0
terrain,0,step 0.5 m,median,0,78,0,10286,0.0,0.002111052064156324,0.06557654860582154,0.3000000591465021,0.0,0.0,13.455000000000055,0.0007434944237918215,0.0,,0.0075260517174835975
terrain,0,step 0.5 m,mad,0,149,0,10535,0.0,0.002073776181541196,0.030574752820656508,0.3000000155599937,0.0,0.0,13.85500000000006,0.001802484679522592,0.0,,0.013946087607637589
terrain,0,step 0.5 m,kf,0,824,0,9612,0.0,0.002107959094869355,0.09203606873436979,0.3000006427244389,0.0,0.0,13.545000000000059,0.09271482679320611,0.0,,0.07895745496358758
terrain,0,step 0.5 m,kf_fallback,0,788,0,11018,0.0,0.002037445137825917,0.05645977424829851,0.30000000964337487,0.0,0.0,15.257500000000082,0.07535084235711784,0.0,,0.06674572251397594
terrain,1,step 1.0 m,raw,0,0,0,10436,0.0,0.0020730100884312217,0.02598780988158265,0.30000002199665154,0.0,0.0,13.545000000000059,0.0,,,0.0
terrain,1,step 1.0 m,median,0,81,0,10039,0.0,0.0021089189713550524,0.07980561678783626,0.30000008304149717,0.0,0.0,13.150000000000052,0.0015408737437425963,0.0,,0.008003952569169961
terrain,1,step 1.0 m,mad,0,297,0,10111,0.0,0.002076533939758824,0.0725296799550744,0.30000005114136996,0.0,0.0,13.510000000000057,0.0011255285930985564,0.0,,0.028535741737125288
terrain,1,step 1.0 m,kf,0,3989,0,4255,0.0,0.002424416072672446,0.9808645421069814,0.30031580751911424,0.0,0.0,10.805000000000017,0.4826654556616051,0.0,,0.4838670548277535
terrain,1,step 1.0 m,kf_fallback,0,8397,0,6460,0.0,0.0019862160795987094,0.767780944355944,0.30000003889487004,0.0,0.0,19.070000000000135,0.5302024005272296,0.0,,0.5651881268089116
terrain,2,step 2.0 m,raw,0,0,0,9396,0.0,0.002230831952213949,0.02516776992536545,0.3002048581238005,0.0,0.0,12.245000000000038,0.0,,,0.0
terrain,2,step 2.0 m,median,0,80,0,8997,0.0,0.002280525698793762,0.17678477010032512,0.30077870487847236,0.0,0.0,11.845000000000033,0.0011413491921856088,0.0,,0.008813484631486174
terrain,2,step 2.0 m,mad,0,375,0,8675,0.0,0.002313291851289518,0.3873628479342273,0.3127061215960188,0.0049577671486982396,0.0,11.793750000000033,0.0016482501686133407,0.0,,0.04143646408839779
terrain,2,step 2.0 m,kf,0,2051,0,4106,0.0,0.0030514839348778646,1.99680050795986,0.631400801957676,0.2898030303891322,0.15,7.92624999999998,0.3079980329460324,0.0,,0.33311677765145364
terrain,2,step 2.0 m,kf_fallback,0,8391,0,4106,0.0,0.002097303182435129,2.002271155348852,0.3008208016302579,0.0,0.0,16.120000000000097,0.5989174372586676,0.0,,0.67144114587501
